IndicatorCode,Indicator,ValueType,ParentLocationCode,ParentLocation,Location type,SpatialDimValueCode,Location,Period type,Period,IsLatestYear,Dim1 type,Dim1,Dim1ValueCode,Dim2 type,Dim2,Dim2ValueCode,Dim3 type,Dim3,Dim3ValueCode,DataSourceDimValueCode,DataSource,FactValueNumericPrefix,FactValueNumeric,FactValueUoM,FactValueNumericLowPrefix,FactValueNumericLow,FactValueNumericHighPrefix,FactValueNumericHigh,Value,FactValueTranslationID,FactComments,Language,DateModified
HWF_0024,Community Health Workers (number),numeric,AFR,Africa,Country,GNB,Guinea-Bissau,Year,2021,true,,,,,,,,,,,,,0,,,,,,0,,,EN,2023-01-11T16:00:00.000Z
HWF_0024,Community Health Workers (number),numeric,AMR,Americas,Country,PER,Peru,Year,2021,true,,,,,,,,,,,,,0,,,,,,0,,,EN,2023-01-11T16:00:00.000Z
HWF_0024,Community Health Workers (number),numeric,SEAR,South-East Asia,Country,LKA,Sri Lanka,Year,2021,true,,,,,,,,,,,,,0,,,,,,0,,,EN,2023-01-11T16:00:00.000Z
HWF_0024,Community Health Workers (number),numeric,AMR,Americas,Country,PRY,Paraguay,Year,2021,true,,,,,,,,,,,,,1089,,,,,,1089,,,EN,2023-01-11T16:00:00.000Z
HWF_0024,Community Health Workers (number),numeric,SEAR,South-East Asia,Country,IDN,Indonesia,Year,2021,true,,,,,,,,,,,,,40175,,,,,,40 175,,,EN,2023-01-11T16:00:00.000Z
HWF_0024,Community Health Workers (number),numeric,AFR,Africa,Country,MDG,Madagascar,Year,2021,true,,,,,,,,,,,,,41616,,,,,,41 616,,Source: AU CHW survey. Includes Agents Communautaires,EN,2023-01-11T16:00:00.000Z
HWF_0024,Community Health Workers (number),numeric,WPR,Western Pacific,Country,PNG,Papua New Guinea,Year,2021,true,,,,,,,,,,,,,6690,,,,,,6690,,,EN,2023-01-11T16:00:00.000Z
HWF_0024,Community Health Workers (number),numeric,AFR,Africa,Country,MOZ,Mozambique,Year,2021,true,,,,,,,,,,,,,7329,,,,,,7329,,,EN,2023-01-11T16:00:00.000Z
HWF_0024,Community Health Workers (number),numeric,AFR,Africa,Country,TGO,Togo,Year,2021,true,,,,,,,,,,,,,7500,,,,,,7500,,,EN,2023-01-11T16:00:00.000Z
HWF_0024,Community Health Workers (number),numeric,AFR,Africa,Country,NGA,Nigeria,Year,2021,true,,,,,,,,,,,,,7912,,,,,,7912,,,EN,2023-01-11T16:00:00.000Z
HWF_0024,Community Health Workers (number),numeric,AFR,Africa,Country,TCD,Chad,Year,2021,true,,,,,,,,,,,,,8077,,,,,,8077,,les informations varient d'un service -  un autre donc les donnees saisies ont ete supprimees.,EN,2023-01-12T16:00:00.000Z
HWF_0024,Community Health Workers (number),numeric,AFR,Africa,Country,KEN,Kenya,Year,2021,true,,,,,,,,,,,,,86490,,,,,,86 490,,,EN,2023-01-11T16:00:00.000Z
HWF_0024,Community Health Workers (number),numeric,AFR,Africa,Country,MWI,Malawi,Year,2020,true,,,,,,,,,,,,,0,,,,,,0,,,EN,2023-01-11T16:00:00.000Z
HWF_0024,Community Health Workers (number),numeric,WPR,Western Pacific,Country,TUV,Tuvalu,Year,2020,true,,,,,,,,,,,,,0,,,,,,0,,,EN,2023-01-11T16:00:00.000Z
HWF_0024,Community Health Workers (number),numeric,SEAR,South-East Asia,Country,IND,India,Year,2020,true,,,,,,,,,,,,,1097609,,,,,,1 097 609,,,EN,2023-01-11T16:00:00.000Z
HWF_0024,Community Health Workers (number),numeric,EMR,Eastern Mediterranean,Country,MAR,Morocco,Year,2020,true,,,,,,,,,,,,,1061,,,,,,1061,,"Source: AU CHW survey. (198 (PACT Project initiative en 2021) + 863 (SAMU-OR en 2017)) Includes agents de sante communautaire, personne relais communautaire, agent de developpement communautaire, volontaire communautaire",EN,2023-01-12T16:00:00.000Z
HWF_0024,Community Health Workers (number),numeric,WPR,Western Pacific,Country,PLW,Palau,Year,2020,true,,,,,,,,,,,,,11,,,,,,11,,,EN,2023-01-11T16:00:00.000Z
HWF_0024,Community Health Workers (number),numeric,AFR,Africa,Country,BDI,Burundi,Year,2020,true,,,,,,,,,,,,,11845,,,,,,11 845,,"Source: AU CHW survey. Includes agents de sante communautaires, abaremeshakiyago",EN,2023-01-12T16:00:00.000Z
HWF_0024,Community Health Workers (number),numeric,AFR,Africa,Country,GAB,Gabon,Year,2020,true,,,,,,,,,,,,,110,,,,,,110,,,EN,2023-01-11T16:00:00.000Z
HWF_0024,Community Health Workers (number),numeric,AFR,Africa,Country,LBR,Liberia,Year,2020,true,,,,,,,,,,,,,12625,,,,,,12 625,,"Source: AU CHW survey. Includes 365 community health services supervisors (CHSSs), 3760 community health assistants (CHAs), 5000 community health volunteers (CHVs) and 3500 trained traditional midwives (TTMs).",EN,2023-01-11T16:00:00.000Z
HWF_0024,Community Health Workers (number),numeric,AFR,Africa,Country,SLE,Sierra Leone,Year,2020,true,,,,,,,,,,,,,13966,,,,,,13 966,,,EN,2023-01-11T16:00:00.000Z
HWF_0024,Community Health Workers (number),numeric,SEAR,South-East Asia,Country,BGD,Bangladesh,Year,2020,true,,,,,,,,,,,,,148713,,,,,,148 713,,,EN,2023-01-11T16:00:00.000Z
HWF_0024,Community Health Workers (number),numeric,EMR,Eastern Mediterranean,Country,SOM,Somalia,Year,2020,true,,,,,,,,,,,,,1535,,,,,,1535,,"Source: AU CHW survey. Includes Community Health Worker(PHC), female health worker at community level (house-hold)",EN,2023-01-11T16:00:00.000Z
HWF_0024,Community Health Workers (number),numeric,AFR,Africa,Country,CMR,Cameroon,Year,2020,true,,,,,,,,,,,,,154,,,,,,154,,,EN,2023-01-11T16:00:00.000Z
HWF_0024,Community Health Workers (number),numeric,AFR,Africa,Country,MUS,Mauritius,Year,2020,true,,,,,,,,,,,,,163,,,,,,163,,"Source: AU CHW survey. Includes Community Health Care officer, Community Based Rehabilitation Officer, Motivator (COmmunity Health ), Community Health Development Officer, senior community health officer, community health rehabilitation officer, principal",EN,2023-01-11T16:00:00.000Z
HWF_0024,Community Health Workers (number),numeric,AFR,Africa,Country,GMB,Gambia,Year,2020,true,,,,,,,,,,,,,2080,,,,,,2080,,,EN,2023-01-11T16:00:00.000Z
HWF_0024,Community Health Workers (number),numeric,AFR,Africa,Country,NER,Niger,Year,2020,true,,,,,,,,,,,,,21429,,,,,,21 429,,"Source: AU CHW survey. Includes Relais Communautaires, community mediator, peer educator, community facilitator",EN,2023-01-11T16:00:00.000Z
HWF_0024,Community Health Workers (number),numeric,AFR,Africa,Country,NAM,Namibia,Year,2020,true,,,,,,,,,,,,,2100,,,,,,2100,,"Source: AU CHW survey. Includes health extension workers, community health workers, community health care providers, community health volunteers",EN,2023-01-11T16:00:00.000Z
HWF_0024,Community Health Workers (number),numeric,SEAR,South-East Asia,Country,MDV,Maldives,Year,2020,true,,,,,,,,,,,,,224,,,,,,224,,,EN,2023-01-11T16:00:00.000Z
HWF_0024,Community Health Workers (number),numeric,AMR,Americas,Country,GTM,Guatemala,Year,2020,true,,,,,,,,,,,,,225,,,,,,225,,Personal tecnico no universitario registrado durante los -ltimos 10 anos -TSR-. Departamento de Formacion de Recursos Humanos. Ministerio de Salud P-blica y Asistencia Social.,EN,2023-01-12T16:00:00.000Z
HWF_0024,Community Health Workers (number),numeric,AFR,Africa,Country,AGO,Angola,Year,2020,true,,,,,,,,,,,,,2652,,,,,,2652,,Source: AU CHW survey. Includes agentes de desenvolvimento comunitario e sanitario/agent de devellopeent communautaire et sanitaire,EN,2023-01-12T16:00:00.000Z
HWF_0024,Community Health Workers (number),numeric,EUR,Europe,Country,ISR,Israel,Year,2020,true,,,,,,,,,,,,,300,,,,,,300,,,EN,2023-01-11T16:00:00.000Z
HWF_0024,Community Health Workers (number),numeric,AFR,Africa,Country,MLI,Mali,Year,2020,true,,,,,,,,,,,,,3303,,,,,,3303,,Source: AU CHW survey. Includes Soins Essentiels dans la Communaute (SEC),EN,2023-01-12T16:00:00.000Z
HWF_0024,Community Health Workers (number),numeric,AFR,Africa,Country,GNB,Guinea-Bissau,Year,2020,false,,,,,,,,,,,,,3711,,,,,,3711,,,EN,2023-01-11T16:00:00.000Z
HWF_0024,Community Health Workers (number),numeric,AFR,Africa,Country,MDG,Madagascar,Year,2020,false,,,,,,,,,,,,,41616,,,,,,41 616,,,EN,2023-01-11T16:00:00.000Z
HWF_0024,Community Health Workers (number),numeric,AFR,Africa,Country,ZMB,Zambia,Year,2020,true,,,,,,,,,,,,,41669,,,,,,41 669,,Source: AU CHW survey. Includes 1669 community health assistants (formal) and an estimated 40000 community based volunteers (informal)  Source: National Community Health Strategy (2019-2021) https://chwcentral.org/wp-content/uploads/2021/04/Zambia_Natl_C,EN,2023-01-12T16:00:00.000Z
HWF_0024,Community Health Workers (number),numeric,AFR,Africa,Country,ETH,Ethiopia,Year,2020,true,,,,,,,,,,,,,42630,,,,,,42 630,,,EN,2023-01-11T16:00:00.000Z
HWF_0024,Community Health Workers (number),numeric,SEAR,South-East Asia,Country,TLS,Timor-Leste,Year,2020,true,,,,,,,,,,,,,4450,,,,,,4450,,,EN,2023-01-11T16:00:00.000Z
HWF_0024,Community Health Workers (number),numeric,SEAR,South-East Asia,Country,IDN,Indonesia,Year,2020,false,,,,,,,,,,,,,45709,,,,,,45 709,,,EN,2023-01-11T16:00:00.000Z
HWF_0024,Community Health Workers (number),numeric,EUR,Europe,Country,CYP,Cyprus,Year,2020,true,,,,,,,,,,,,,51,,,,,,51,,,EN,2023-01-11T16:00:00.000Z
HWF_0024,Community Health Workers (number),numeric,SEAR,South-East Asia,Country,NPL,Nepal,Year,2020,true,,,,,,,,,,,,,51240,,,,,,51 240,,"Source: Data for female community health volunteers from Nepal Country Profile, UNICEF ROSA CHW evaluation. https://www.unicef.org/rosa/documents/formative-evaluation-community-health-workers-policies-and-programmes",EN,2023-01-11T16:00:00.000Z
HWF_0024,Community Health Workers (number),numeric,AFR,Africa,Country,SWZ,Eswatini,Year,2020,true,,,,,,,,,,,,,5386,,,,,,5386,,"Source: AU CHW survey. Includes Community health workers, rural health mothers, community mentor mothers, community expert client, home visitors, mentors, active tuberculosis case finders, home based care givers, community service providers for gender bas",EN,2023-01-11T16:00:00.000Z
HWF_0024,Community Health Workers (number),numeric,AFR,Africa,Country,RWA,Rwanda,Year,2020,true,,,,,,,,,,,,,58567,,,,,,58 567,,"Source: AU CHW survey. Includes Maternal and newborn health in charge, binomes (under5 treatment), health promotor",EN,2023-01-11T16:00:00.000Z
HWF_0024,Community Health Workers (number),numeric,AFR,Africa,Country,TCD,Chad,Year,2020,false,,,,,,,,,,,,,592,,,,,,592,,,EN,2023-01-11T16:00:00.000Z
HWF_0024,Community Health Workers (number),numeric,AFR,Africa,Country,ERI,Eritrea,Year,2020,true,,,,,,,,,,,,,6000,,,,,,6000,,"Source: AU CHW survey. Estimated value. Includes Barefoot Doctors, community IMNCI providers, community-based therapeutic feeding agents, malaria agents, maternal health agents, tb promotors, WASH promotors, peer coordinators, peer facilitators, health pr",EN,2023-01-11T16:00:00.000Z
HWF_0024,Community Health Workers (number),numeric,AFR,Africa,Country,SSD,South Sudan,Year,2020,true,,,,,,,,,,,,,6508,,,,,,6508,,Source: AU CHW survey. Includes Boma health workers.,EN,2023-01-11T16:00:00.000Z
HWF_0024,Community Health Workers (number),numeric,AFR,Africa,Country,MOZ,Mozambique,Year,2020,false,,,,,,,,,,,,,6696,,,,,,6696,,,EN,2023-01-11T16:00:00.000Z
HWF_0024,Community Health Workers (number),numeric,AFR,Africa,Country,TGO,Togo,Year,2020,false,,,,,,,,,,,,,7386,,,,,,7386,,"Source: AU CHW survey. Includes volontaire, mediateurs communautaires, distributeurs communautaires",EN,2023-01-12T16:00:00.000Z
HWF_0024,Community Health Workers (number),numeric,AMR,Americas,Country,PAN,Panama,Year,2020,true,,,,,,,,,,,,,816,,,,,,816,,,EN,2023-01-11T16:00:00.000Z
HWF_0024,Community Health Workers (number),numeric,AFR,Africa,Country,KEN,Kenya,Year,2020,false,,,,,,,,,,,,,91653,,,,,,91 653,,Source: Kenya National Community Health Strategy 2020-25. Includes 3250 community health assistants and community health officers and 88403 community health volunteers,EN,2023-01-11T16:00:00.000Z
HWF_0024,Community Health Workers (number),numeric,AFR,Africa,Country,SEN,Senegal,Year,2019,true,,,,,,,,,,,,,1116,,,,,,1116,,,EN,2023-01-11T16:00:00.000Z
HWF_0024,Community Health Workers (number),numeric,AFR,Africa,Country,NGA,Nigeria,Year,2019,false,,,,,,,,,,,,,116454,,,,,,116 454,,,EN,2023-01-11T16:00:00.000Z
HWF_0024,Community Health Workers (number),numeric,AFR,Africa,Country,GAB,Gabon,Year,2019,false,,,,,,,,,,,,,117,,,,,,117,,,EN,2023-01-11T16:00:00.000Z
HWF_0024,Community Health Workers (number),numeric,SEAR,South-East Asia,Country,BGD,Bangladesh,Year,2019,false,,,,,,,,,,,,,118145,,,,,,118 145,,,EN,2023-01-11T16:00:00.000Z
HWF_0024,Community Health Workers (number),numeric,EUR,Europe,Country,ISR,Israel,Year,2019,false,,,,,,,,,,,,,150,,,,,,150,,,EN,2023-01-11T16:00:00.000Z
HWF_0024,Community Health Workers (number),numeric,AFR,Africa,Country,UGA,Uganda,Year,2019,true,,,,,,,,,,,,,179000,,,,,,179 000,,Source: Ministry of Health (2019). Community Health Roadmap. https://static1.squarespace.com/static/5bb6ac499d4149304f7ef3f5/t/5d8a5a9db47a190fe2846791/1569348261208/Uganda+CH+Roadmap_Updated+20+September_FINAL.pdf,EN,2023-01-12T16:00:00.000Z
HWF_0024,Community Health Workers (number),numeric,EMR,Eastern Mediterranean,Country,PAK,Pakistan,Year,2019,true,,,,,,,,,,,,,18009,,,,,,18 009,,,EN,2023-01-11T16:00:00.000Z
HWF_0024,Community Health Workers (number),numeric,AFR,Africa,Country,ZMB,Zambia,Year,2019,false,,,,,,,,,,,,,1846,,,,,,1846,,,EN,2023-01-11T16:00:00.000Z
HWF_0024,Community Health Workers (number),numeric,AMR,Americas,Country,PRY,Paraguay,Year,2019,false,,,,,,,,,,,,,1877,,,,,,1877,,,EN,2023-01-11T16:00:00.000Z
HWF_0024,Community Health Workers (number),numeric,SEAR,South-East Asia,Country,MDV,Maldives,Year,2019,false,,,,,,,,,,,,,215,,,,,,215,,,EN,2023-01-11T16:00:00.000Z
HWF_0024,Community Health Workers (number),numeric,EUR,Europe,Country,MDA,Republic of Moldova,Year,2019,true,,,,,,,,,,,,,228,,,,,,228,,,EN,2023-01-11T16:00:00.000Z
HWF_0024,Community Health Workers (number),numeric,WPR,Western Pacific,Country,PHL,Philippines,Year,2019,true,,,,,,,,,,,,,248584,,,,,,248 584,,"Source:  Field Health Services Information Systems (FHSIS), 2018    Definition:  Barangay Health Workers  Based on the Republic Act No. 7883, known as the Barangay Health Workers Benefits and Incentives Act of 1995, a barangay health worker refers to a",EN,2023-01-12T16:00:00.000Z
HWF_0024,Community Health Workers (number),numeric,AMR,Americas,Country,PAN,Panama,Year,2019,false,,,,,,,,,,,,,272,,,,,,272,,,EN,2023-01-11T16:00:00.000Z
HWF_0024,Community Health Workers (number),numeric,AMR,Americas,Country,DOM,Dominican Republic,Year,2019,true,,,,,,,,,,,,,2726,,,,,,2726,,,EN,2023-01-11T16:00:00.000Z
HWF_0024,Community Health Workers (number),numeric,AMR,Americas,Country,BRA,Brazil,Year,2019,true,,,,,,,,,,,,,281207,,,,,,281 207,,Brazilian Classification of Ocupation:   5151-05    The professioanls doesn't reccieve a technical training.   Source; MOH/CNES,EN,2023-01-11T16:00:00.000Z
HWF_0024,Community Health Workers (number),numeric,AFR,Africa,Country,BFA,Burkina Faso,Year,2019,true,,,,,,,,,,,,,2979,,,,,,2979,,,EN,2023-01-11T16:00:00.000Z
HWF_0024,Community Health Workers (number),numeric,AMR,Americas,Country,ATG,Antigua and Barbuda,Year,2019,true,,,,,,,,,,,,,34,,,,,,34,,,EN,2023-01-11T16:00:00.000Z
HWF_0024,Community Health Workers (number),numeric,AFR,Africa,Country,MDG,Madagascar,Year,2019,false,,,,,,,,,,,,,38338,,,,,,38 338,,Source: AU CHW survey. Includes Agents Communautaires. Estimated value.,EN,2023-01-11T16:00:00.000Z
HWF_0024,Community Health Workers (number),numeric,SEAR,South-East Asia,Country,THA,Thailand,Year,2019,true,,,,,,,,,,,,,39928,,,,,,39 928,,,EN,2023-01-11T16:00:00.000Z
HWF_0024,Community Health Workers (number),numeric,WPR,Western Pacific,Country,PNG,Papua New Guinea,Year,2019,false,,,,,,,,,,,,,4532,,,,,,4532,,,EN,2023-01-11T16:00:00.000Z
HWF_0024,Community Health Workers (number),numeric,SEAR,South-East Asia,Country,NPL,Nepal,Year,2019,false,,,,,,,,,,,,,50166,,,,,,50 166,,"Source: Data for female community health volunteers from Nepal Country Profile, UNICEF ROSA CHW evaluation. https://www.unicef.org/rosa/documents/formative-evaluation-community-health-workers-policies-and-programmes",EN,2023-01-11T16:00:00.000Z
HWF_0024,Community Health Workers (number),numeric,EUR,Europe,Country,HUN,Hungary,Year,2019,true,,,,,,,,,,,,,5335,,,,,,5335,,,EN,2023-01-11T16:00:00.000Z
HWF_0024,Community Health Workers (number),numeric,SEAR,South-East Asia,Country,IDN,Indonesia,Year,2019,false,,,,,,,,,,,,,54704,,,,,,54 704,,,EN,2023-01-11T16:00:00.000Z
HWF_0024,Community Health Workers (number),numeric,AFR,Africa,Country,MOZ,Mozambique,Year,2019,false,,,,,,,,,,,,,6632,,,,,,6632,,,EN,2023-01-11T16:00:00.000Z
HWF_0024,Community Health Workers (number),numeric,WPR,Western Pacific,Country,LAO,Lao People's Democratic Republic,Year,2019,true,,,,,,,,,,,,,75,,,,,,75,,,EN,2023-01-11T16:00:00.000Z
HWF_0024,Community Health Workers (number),numeric,EUR,Europe,Country,CYP,Cyprus,Year,2019,false,,,,,,,,,,,,,99,,,,,,99,,,EN,2023-01-11T16:00:00.000Z
HWF_0024,Community Health Workers (number),numeric,SEAR,South-East Asia,Country,THA,Thailand,Year,2018,false,,,,,,,,,,,,,1064434,,,,,,1 064 434,,,EN,2023-01-11T16:00:00.000Z
HWF_0024,Community Health Workers (number),numeric,AFR,Africa,Country,MWI,Malawi,Year,2018,false,,,,,,,,,,,,,10016,,,,,,10 016,,"Source:The state of the health workforce in the WHO African Region, 2021 report",EN,2023-01-11T16:00:00.000Z
HWF_0024,Community Health Workers (number),numeric,EUR,Europe,Country,ISR,Israel,Year,2018,false,,,,,,,,,,,,,100,,,,,,100,,,EN,2023-01-11T16:00:00.000Z
HWF_0024,Community Health Workers (number),numeric,AFR,Africa,Country,BDI,Burundi,Year,2018,false,,,,,,,,,,,,,11845,,,,,,11 845,,"Source:The state of the health workforce in the WHO African Region, 2021 report",EN,2023-01-11T16:00:00.000Z
HWF_0024,Community Health Workers (number),numeric,AMR,Americas,Country,JAM,Jamaica,Year,2018,true,,,,,,,,,,,,,1106,,,,,,1106,,,EN,2023-01-11T16:00:00.000Z
HWF_0024,Community Health Workers (number),numeric,AFR,Africa,Country,CAF,Central African Republic,Year,2018,true,,,,,,,,,,,,,115,,,,,,115,,"Source:The state of the health workforce in the WHO African Region, 2021 report",EN,2023-01-11T16:00:00.000Z
HWF_0024,Community Health Workers (number),numeric,SEAR,South-East Asia,Country,BTN,Bhutan,Year,2018,true,,,,,,,,,,,,,1150,,,,,,1150,,"Source: Data for village health workers from Bhutan Country Profile, UNICEF ROSA CHW evaluation. https://www.unicef.org/rosa/documents/formative-evaluation-community-health-workers-policies-and-programmes",EN,2023-01-11T16:00:00.000Z
HWF_0024,Community Health Workers (number),numeric,AFR,Africa,Country,MLI,Mali,Year,2018,false,,,,,,,,,,,,,1152,,,,,,1152,,"Source:The state of the health workforce in the WHO African Region, 2021 report",EN,2023-01-11T16:00:00.000Z
HWF_0024,Community Health Workers (number),numeric,AFR,Africa,Country,NGA,Nigeria,Year,2018,false,,,,,,,,,,,,,116454,,,,,,116 454,,,EN,2023-01-11T16:00:00.000Z
HWF_0024,Community Health Workers (number),numeric,AFR,Africa,Country,CPV,Cabo Verde,Year,2018,true,,,,,,,,,,,,,117,,,,,,117,,"Source:The state of the health workforce in the WHO African Region, 2021 report",EN,2023-01-11T16:00:00.000Z
HWF_0024,Community Health Workers (number),numeric,AFR,Africa,Country,ZMB,Zambia,Year,2018,false,,,,,,,,,,,,,1283,,,,,,1283,,,EN,2023-01-11T16:00:00.000Z
HWF_0024,Community Health Workers (number),numeric,AFR,Africa,Country,LSO,Lesotho,Year,2018,true,,,,,,,,,,,,,14508,,,,,,14 508,,"Source:The state of the health workforce in the WHO African Region, 2021 report",EN,2023-01-11T16:00:00.000Z
HWF_0024,Community Health Workers (number),numeric,AFR,Africa,Country,CIV,Côte d’Ivoire,Year,2018,true,,,,,,,,,,,,,14556,,,,,,14 556,,"Source:The state of the health workforce in the WHO African Region, 2021 report",EN,2023-01-11T16:00:00.000Z
HWF_0024,Community Health Workers (number),numeric,AFR,Africa,Country,SSD,South Sudan,Year,2018,false,,,,,,,,,,,,,1455,,,,,,1455,,"Source:The state of the health workforce in the WHO African Region, 2021 report",EN,2023-01-11T16:00:00.000Z
HWF_0024,Community Health Workers (number),numeric,AFR,Africa,Country,GHA,Ghana,Year,2018,true,,,,,,,,,,,,,15820,,,,,,15 820,,"Source:The state of the health workforce in the WHO African Region, 2021 report",EN,2023-01-11T16:00:00.000Z
HWF_0024,Community Health Workers (number),numeric,AFR,Africa,Country,ZWE,Zimbabwe,Year,2018,true,,,,,,,,,,,,,15888,,,,,,15 888,,Source : HRH Country Profile 2013-2018,EN,2023-01-11T16:00:00.000Z
HWF_0024,Community Health Workers (number),numeric,AFR,Africa,Country,GMB,Gambia,Year,2018,false,,,,,,,,,,,,,1553,,,,,,1553,,"Source:The state of the health workforce in the WHO African Region, 2021 report",EN,2023-01-11T16:00:00.000Z
HWF_0024,Community Health Workers (number),numeric,AFR,Africa,Country,GIN,Guinea,Year,2018,true,,,,,,,,,,,,,16567,,,,,,16 567,,"Source:The state of the health workforce in the WHO African Region, 2021 report",EN,2023-01-11T16:00:00.000Z
HWF_0024,Community Health Workers (number),numeric,AMR,Americas,Country,PAN,Panama,Year,2018,false,,,,,,,,,,,,,160,,,,,,160,,,EN,2023-01-11T16:00:00.000Z
HWF_0024,Community Health Workers (number),numeric,AFR,Africa,Country,AGO,Angola,Year,2018,false,,,,,,,,,,,,,1680,,,,,,1680,,"Source:The state of the health workforce in the WHO African Region, 2021 report",EN,2023-01-11T16:00:00.000Z
HWF_0024,Community Health Workers (number),numeric,AFR,Africa,Country,SEN,Senegal,Year,2018,false,,,,,,,,,,,,,17417,,,,,,17 417,,"Source:The state of the health workforce in the WHO African Region, 2021 report",EN,2023-01-11T16:00:00.000Z
HWF_0024,Community Health Workers (number),numeric,AFR,Africa,Country,MUS,Mauritius,Year,2018,false,,,,,,,,,,,,,180,,,,,,180,,"Source:The state of the health workforce in the WHO African Region, 2021 report",EN,2023-01-11T16:00:00.000Z
HWF_0024,Community Health Workers (number),numeric,AFR,Africa,Country,NAM,Namibia,Year,2018,false,,,,,,,,,,,,,2292,,,,,,2292,,"Source:The state of the health workforce in the WHO African Region, 2021 report",EN,2023-01-11T16:00:00.000Z
HWF_0024,Community Health Workers (number),numeric,AFR,Africa,Country,ERI,Eritrea,Year,2018,false,,,,,,,,,,,,,243,,,,,,243,,"Source:The state of the health workforce in the WHO African Region, 2021 report",EN,2023-01-11T16:00:00.000Z
HWF_0024,Community Health Workers (number),numeric,EMR,Eastern Mediterranean,Country,AFG,Afghanistan,Year,2018,true,,,,,,,,,,,,,29581,,,,,,29 581,,Estimated total from sum of CHW stock from all the subnational units. Source: Afghanistan HRH Country Profile. Section A2 Provincial Profile.,EN,2023-01-11T16:00:00.000Z
HWF_0024,Community Health Workers (number),numeric,AFR,Africa,Country,LBR,Liberia,Year,2018,false,,,,,,,,,,,,,3391,,,,,,3391,,"Source:The state of the health workforce in the WHO African Region, 2021 report",EN,2023-01-11T16:00:00.000Z
HWF_0024,Community Health Workers (number),numeric,AFR,Africa,Country,MDG,Madagascar,Year,2018,false,,,,,,,,,,,,,35000,,,,,,35 000,,"Source:The state of the health workforce in the WHO African Region, 2021 report",EN,2023-01-11T16:00:00.000Z
HWF_0024,Community Health Workers (number),numeric,AFR,Africa,Country,ETH,Ethiopia,Year,2018,false,,,,,,,,,,,,,37259,,,,,,37 259,,"Source:The state of the health workforce in the WHO African Region, 2021 report",EN,2023-01-11T16:00:00.000Z
HWF_0024,Community Health Workers (number),numeric,AFR,Africa,Country,GNB,Guinea-Bissau,Year,2018,false,,,,,,,,,,,,,4057,,,,,,4057,,"Source:The state of the health workforce in the WHO African Region, 2021 report",EN,2023-01-11T16:00:00.000Z
HWF_0024,Community Health Workers (number),numeric,WPR,Western Pacific,Country,PNG,Papua New Guinea,Year,2018,false,,,,,,,,,,,,,4469,,,,,,4469,,"Source: HR Manager, National Department of Health",EN,2023-01-11T16:00:00.000Z
HWF_0024,Community Health Workers (number),numeric,AFR,Africa,Country,RWA,Rwanda,Year,2018,false,,,,,,,,,,,,,45000,,,,,,45 000,,"Source:The state of the health workforce in the WHO African Region, 2021 report",EN,2023-01-11T16:00:00.000Z
HWF_0024,Community Health Workers (number),numeric,EMR,Eastern Mediterranean,Country,SAU,Saudi Arabia,Year,2018,true,,,,,,,,,,,,,4627,,,,,,4627,,,EN,2023-01-11T16:00:00.000Z
HWF_0024,Community Health Workers (number),numeric,AFR,Africa,Country,MOZ,Mozambique,Year,2018,false,,,,,,,,,,,,,4787,,,,,,4787,,,EN,2023-01-11T16:00:00.000Z
HWF_0024,Community Health Workers (number),numeric,AFR,Africa,Country,MRT,Mauritania,Year,2018,true,,,,,,,,,,,,,500,,,,,,500,,,EN,2023-01-11T16:00:00.000Z
HWF_0024,Community Health Workers (number),numeric,AFR,Africa,Country,SLE,Sierra Leone,Year,2018,false,,,,,,,,,,,,,505,,,,,,505,,"Source:The state of the health workforce in the WHO African Region, 2021 report",EN,2023-01-11T16:00:00.000Z
HWF_0024,Community Health Workers (number),numeric,AFR,Africa,Country,ZAF,South Africa,Year,2018,true,,,,,,,,,,,,,54180,,,,,,54 180,,"Source:The state of the health workforce in the WHO African Region, 2021 report",EN,2023-01-11T16:00:00.000Z
HWF_0024,Community Health Workers (number),numeric,SEAR,South-East Asia,Country,BGD,Bangladesh,Year,2018,false,,,,,,,,,,,,,55136,,,,,,55 136,,,EN,2023-01-11T16:00:00.000Z
HWF_0024,Community Health Workers (number),numeric,AFR,Africa,Country,KEN,Kenya,Year,2018,false,,,,,,,,,,,,,58079,,,,,,58 079,,,EN,2023-01-11T16:00:00.000Z
HWF_0024,Community Health Workers (number),numeric,AFR,Africa,Country,SWZ,Eswatini,Year,2018,false,,,,,,,,,,,,,6324,,,,,,6324,,"Source:The state of the health workforce in the WHO African Region, 2021 report",EN,2023-01-11T16:00:00.000Z
HWF_0024,Community Health Workers (number),numeric,SEAR,South-East Asia,Country,IDN,Indonesia,Year,2018,false,,,,,,,,,,,,,66202,,,,,,66 202,,,EN,2023-01-11T16:00:00.000Z
HWF_0024,Community Health Workers (number),numeric,AFR,Africa,Country,TGO,Togo,Year,2018,false,,,,,,,,,,,,,7086,,,,,,7086,,Public and private,EN,2023-01-11T16:00:00.000Z
HWF_0024,Community Health Workers (number),numeric,AFR,Africa,Country,BWA,Botswana,Year,2018,true,,,,,,,,,,,,,716,,,,,,716,,Source: Health facilities assessment reports (Harare workshop),EN,2023-01-11T16:00:00.000Z
HWF_0024,Community Health Workers (number),numeric,EMR,Eastern Mediterranean,Country,EGY,Egypt,Year,2018,true,,,,,,,,,,,,,963,,,,,,963,,,EN,2023-01-11T16:00:00.000Z
HWF_0024,Community Health Workers (number),numeric,SEAR,South-East Asia,Country,IND,India,Year,2018,false,,,,,,,,,,,,,970676,,,,,,970 676,,,EN,2023-01-11T16:00:00.000Z
HWF_0024,Community Health Workers (number),numeric,AFR,Africa,Country,ZWE,Zimbabwe,Year,2017,false,,,,,,,,,,,,,15000,,,,,,15 000,,,EN,2023-01-11T16:00:00.000Z
HWF_0024,Community Health Workers (number),numeric,AFR,Africa,Country,GHA,Ghana,Year,2017,false,,,,,,,,,,,,,15456,,,,,,15 456,,Only community health nurses Source:THE HEALTH SECTOR IN GHANA FACTS AND FIGURES 2018,EN,2023-01-11T16:00:00.000Z
HWF_0024,Community Health Workers (number),numeric,AMR,Americas,Country,PAN,Panama,Year,2017,false,,,,,,,,,,,,,161,,,,,,161,,,EN,2023-01-11T16:00:00.000Z
HWF_0024,Community Health Workers (number),numeric,AFR,Africa,Country,MOZ,Mozambique,Year,2017,false,,,,,,,,,,,,,1991,,,,,,1991,,,EN,2023-01-11T16:00:00.000Z
HWF_0024,Community Health Workers (number),numeric,EUR,Europe,Country,ISR,Israel,Year,2017,false,,,,,,,,,,,,,200,,,,,,200,,,EN,2023-01-11T16:00:00.000Z
HWF_0024,Community Health Workers (number),numeric,AFR,Africa,Country,BFA,Burkina Faso,Year,2017,false,,,,,,,,,,,,,2749,,,,,,2749,,,EN,2023-01-11T16:00:00.000Z
HWF_0024,Community Health Workers (number),numeric,AMR,Americas,Country,BRA,Brazil,Year,2017,false,,,,,,,,,,,,,436590,,,,,,436 590,,"Includes Community Health Workers.  Data Source: Estimated health workforce from Labour Force Survey, ILO 2018",EN,2023-01-11T16:00:00.000Z
HWF_0024,Community Health Workers (number),numeric,AFR,Africa,Country,SEN,Senegal,Year,2017,false,,,,,,,,,,,,,5,,,,,,5,,Source: IHRIS et Annuaire national RHS,EN,2023-01-11T16:00:00.000Z
HWF_0024,Community Health Workers (number),numeric,AFR,Africa,Country,TGO,Togo,Year,2017,false,,,,,,,,,,,,,7545,,,,,,7545,,Public and private,EN,2023-01-11T16:00:00.000Z
HWF_0024,Community Health Workers (number),numeric,EMR,Eastern Mediterranean,Country,MAR,Morocco,Year,2017,false,,,,,,,,,,,,,863,,,,,,863,,"Source: AU CHW survey. Includes agents de sante communautaire, personne relais communautaire, agent de developpement communautaire, volontaire communautaire",EN,2023-01-12T16:00:00.000Z
HWF_0024,Community Health Workers (number),numeric,SEAR,South-East Asia,Country,THA,Thailand,Year,2016,false,,,,,,,,,,,,,13006,,,,,,13 006,,"Includes Community Health Workers.  Data Source: Estimated health workforce from Labour Force Survey, ILO 2018",EN,2023-01-11T16:00:00.000Z
HWF_0024,Community Health Workers (number),numeric,AMR,Americas,Country,CRI,Costa Rica,Year,2016,true,,,,,,,,,,,,,1357,,,,,,1357,,,EN,2023-01-11T16:00:00.000Z
HWF_0024,Community Health Workers (number),numeric,SEAR,South-East Asia,Country,MDV,Maldives,Year,2016,false,,,,,,,,,,,,,158,,,,,,158,,,EN,2023-01-11T16:00:00.000Z
HWF_0024,Community Health Workers (number),numeric,AMR,Americas,Country,PAN,Panama,Year,2016,false,,,,,,,,,,,,,215,,,,,,215,,,EN,2023-01-11T16:00:00.000Z
HWF_0024,Community Health Workers (number),numeric,EMR,Eastern Mediterranean,Country,AFG,Afghanistan,Year,2016,false,,,,,,,,,,,,,28580,,,,,,28 580,,"Source: Afghanistan Country Profile, UNICEF ROSA CHW evaluation. https://www.unicef.org/rosa/documents/formative-evaluation-community-health-workers-policies-and-programmes",EN,2023-01-11T16:00:00.000Z
HWF_0024,Community Health Workers (number),numeric,EMR,Eastern Mediterranean,Country,IRN,Iran (Islamic Republic of),Year,2016,true,,,,,,,,,,,,,30000,,,,,,30 000,,Source: Iran case study. USAID MCHIP Case Studies of Large-Scale Community Health Worker Programs (January 2017),EN,2023-01-11T16:00:00.000Z
HWF_0024,Community Health Workers (number),numeric,EUR,Europe,Country,ISR,Israel,Year,2016,false,,,,,,,,,,,,,300,,,,,,300,,,EN,2023-01-11T16:00:00.000Z
HWF_0024,Community Health Workers (number),numeric,WPR,Western Pacific,Country,MNG,Mongolia,Year,2016,true,,,,,,,,,,,,,302,,,,,,302,,"Includes Community Health Workers.  Data Source: Estimated health workforce from Labour Force Survey, ILO 2018",EN,2023-01-11T16:00:00.000Z
HWF_0024,Community Health Workers (number),numeric,AFR,Africa,Country,SEN,Senegal,Year,2016,false,,,,,,,,,,,,,5,,,,,,5,,Includes Community Health Workers .,EN,2023-01-11T16:00:00.000Z
HWF_0024,Community Health Workers (number),numeric,AMR,Americas,Country,SLV,El Salvador,Year,2016,true,,,,,,,,,,,,,5419,,,,,,5419,,"Includes Community Health Workers.  Data Source: Estimated health workforce from Labour Force Survey, ILO 2018",EN,2023-01-11T16:00:00.000Z
HWF_0024,Community Health Workers (number),numeric,AFR,Africa,Country,SLE,Sierra Leone,Year,2016,false,,,,,,,,,,,,,621,,,,,,621,,Source: Human Resources for Health Country Profile Sierra Leone Country Profile,EN,2023-01-11T16:00:00.000Z
HWF_0024,Community Health Workers (number),numeric,AFR,Africa,Country,GIN,Guinea,Year,2016,false,,,,,,,,,,,,,6700,,,,,,6700,,Includes Community Health Workers .,EN,2023-01-11T16:00:00.000Z
HWF_0024,Community Health Workers (number),numeric,AMR,Americas,Country,HND,Honduras,Year,2016,true,,,,,,,,,,,,,7114,,,,,,7114,,"Includes Community Health Workers.  Data Source: Estimated health workforce from Labour Force Survey, ILO 2018",EN,2023-01-11T16:00:00.000Z
HWF_0024,Community Health Workers (number),numeric,EUR,Europe,Country,SRB,Serbia,Year,2016,true,,,,,,,,,,,,,887,,,,,,887,,"Includes Community Health Workers.  Data Source: Estimated health workforce from Labour Force Survey, ILO 2018",EN,2023-01-11T16:00:00.000Z
HWF_0024,Community Health Workers (number),numeric,AMR,Americas,Country,JAM,Jamaica,Year,2016,false,,,,,,,,,,,,,893,,,,,,893,,Includes Community Health Workers .,EN,2023-01-11T16:00:00.000Z
HWF_0024,Community Health Workers (number),numeric,AMR,Americas,Country,ECU,Ecuador,Year,2015,true,,,,,,,,,,,,,1054,,,,,,1054,,"Includes Community Health Workers.  Data Source: Estimated health workforce from Labour Force Survey, ILO 2018",EN,2023-01-11T16:00:00.000Z
HWF_0024,Community Health Workers (number),numeric,AFR,Africa,Country,ZWE,Zimbabwe,Year,2015,false,,,,,,,,,,,,,11200,,,,,,11 200,,,EN,2023-01-11T16:00:00.000Z
HWF_0024,Community Health Workers (number),numeric,AMR,Americas,Country,CRI,Costa Rica,Year,2015,false,,,,,,,,,,,,,1429,,,,,,1429,,,EN,2023-01-11T16:00:00.000Z
HWF_0024,Community Health Workers (number),numeric,AMR,Americas,Country,PAN,Panama,Year,2015,false,,,,,,,,,,,,,154,,,,,,154,,,EN,2023-01-11T16:00:00.000Z
HWF_0024,Community Health Workers (number),numeric,EMR,Eastern Mediterranean,Country,PAK,Pakistan,Year,2015,false,,,,,,,,,,,,,16448,,,,,,16 448,,Includes Community Health Workers .,EN,2023-01-11T16:00:00.000Z
HWF_0024,Community Health Workers (number),numeric,WPR,Western Pacific,Country,NRU,Nauru,Year,2015,true,,,,,,,,,,,,,17,,,,,,17,,Includes Community health workers.  Data Source: Ministry of Health & Medical Services,EN,2023-01-11T16:00:00.000Z
HWF_0024,Community Health Workers (number),numeric,AFR,Africa,Country,UGA,Uganda,Year,2015,false,,,,,,,,,,,,,179175,,,,,,179 175,,Source: Ministry of Health (2015).  National Village Health Teams (VHT) Assessment in Uganda.,EN,2023-01-11T16:00:00.000Z
HWF_0024,Community Health Workers (number),numeric,SEAR,South-East Asia,Country,MMR,Myanmar,Year,2015,true,,,,,,,,,,,,,2326,,,,,,2326,,"Includes Community Health Workers.  Data Source: Estimated health workforce from Labour Force Survey, ILO 2018",EN,2023-01-11T16:00:00.000Z
HWF_0024,Community Health Workers (number),numeric,AFR,Africa,Country,GIN,Guinea,Year,2015,false,,,,,,,,,,,,,6700,,,,,,6700,,"Source :COMPTES NATIONAUX DES PERSONNELS DE SANTE (CNPS)  GUINEE Presente par:  Dr Mohamed FAZA DIALLO, Chef Service Formation & Perfectionnement MSHP Dr MARA Karifa, Conseiller charge de Politiques et Systeme de Sante, OMS",EN,2023-01-12T16:00:00.000Z
HWF_0024,Community Health Workers (number),numeric,AFR,Africa,Country,SEN,Senegal,Year,2015,false,,,,,,,,,,,,,770,,,,,,770,,"Includes Community Health Workers.  Data Source: Estimated health workforce from Labour Force Survey, ILO 2018",EN,2023-01-11T16:00:00.000Z
HWF_0024,Community Health Workers (number),numeric,AMR,Americas,Country,JAM,Jamaica,Year,2015,false,,,,,,,,,,,,,858,,,,,,858,,Includes Community Health Workers .,EN,2023-01-11T16:00:00.000Z
HWF_0024,Community Health Workers (number),numeric,SEAR,South-East Asia,Country,MDV,Maldives,Year,2014,false,,,,,,,,,,,,,509,,,,,,509,,Includes Community Health Workers .,EN,2023-01-11T16:00:00.000Z
HWF_0024,Community Health Workers (number),numeric,AMR,Americas,Country,JAM,Jamaica,Year,2014,false,,,,,,,,,,,,,711,,,,,,711,,Includes Community Health Workers .,EN,2023-01-11T16:00:00.000Z
HWF_0024,Community Health Workers (number),numeric,EUR,Europe,Country,SVK,Slovakia,Year,2013,true,,,,,,,,,,,,,100,,,,,,100,,Includes Community Health Workers .,EN,2023-01-11T16:00:00.000Z
HWF_0024,Community Health Workers (number),numeric,AFR,Africa,Country,MOZ,Mozambique,Year,2013,false,,,,,,,,,,,,,1204,,,,,,1204,,Includes Community Health Workers .,EN,2023-01-11T16:00:00.000Z
HWF_0024,Community Health Workers (number),numeric,SEAR,South-East Asia,Country,TLS,Timor-Leste,Year,2013,false,,,,,,,,,,,,,241,,,,,,241,,"Includes Community Health Workers.  Data Source: Estimated health workforce from Labour Force Survey, ILO 2018",EN,2023-01-11T16:00:00.000Z
HWF_0024,Community Health Workers (number),numeric,AFR,Africa,Country,GHA,Ghana,Year,2013,false,,,,,,,,,,,,,5293,,,,,,5293,,"Includes Community Health Workers.  Data Source: Estimated health workforce from Labour Force Survey, ILO 2018",EN,2023-01-11T16:00:00.000Z
HWF_0024,Community Health Workers (number),numeric,AFR,Africa,Country,NER,Niger,Year,2013,false,,,,,,,,,,,,,6560,,,,,,6560,,Source: Data from Niger case study (2560 ASCs and 4000 Relais volunteers). USAID MCHIP Case Studies of Large-Scale Community Health Worker Programs (January 2017),EN,2023-01-11T16:00:00.000Z
HWF_0024,Community Health Workers (number),numeric,AMR,Americas,Country,JAM,Jamaica,Year,2013,false,,,,,,,,,,,,,696,,,,,,696,,Includes Community Health Workers .,EN,2023-01-11T16:00:00.000Z
HWF_0024,Community Health Workers (number),numeric,AFR,Africa,Country,MOZ,Mozambique,Year,2012,false,,,,,,,,,,,,,1213,,,,,,1213,,Includes Community Health Workers .,EN,2023-01-11T16:00:00.000Z
HWF_0024,Community Health Workers (number),numeric,AFR,Africa,Country,BWA,Botswana,Year,2012,false,,,,,,,,,,,,,166,,,,,,166,,Includes Family Walfare Educators.  Data Source: Health Statistic Unit of Botswana,EN,2023-01-11T16:00:00.000Z
HWF_0024,Community Health Workers (number),numeric,AFR,Africa,Country,BFA,Burkina Faso,Year,2012,false,,,,,,,,,,,,,2099,,,,,,2099,,Includes Community Health Workers .,EN,2023-01-11T16:00:00.000Z
HWF_0024,Community Health Workers (number),numeric,SEAR,South-East Asia,Country,MMR,Myanmar,Year,2012,false,,,,,,,,,,,,,3397,,,,,,3397,,Includes Community Health Workers .,EN,2023-01-11T16:00:00.000Z
HWF_0024,Community Health Workers (number),numeric,SEAR,South-East Asia,Country,BTN,Bhutan,Year,2012,false,,,,,,,,,,,,,578,,,,,,578,,Includes Community Health Workers .,EN,2023-01-11T16:00:00.000Z
HWF_0024,Community Health Workers (number),numeric,AMR,Americas,Country,JAM,Jamaica,Year,2012,false,,,,,,,,,,,,,643,,,,,,643,,Includes Community Health Workers .,EN,2023-01-11T16:00:00.000Z
HWF_0024,Community Health Workers (number),numeric,SEAR,South-East Asia,Country,BGD,Bangladesh,Year,2012,false,,,,,,,,,,,,,73838,,,,,,73 838,,Includes Community Health Workers .,EN,2023-01-11T16:00:00.000Z
HWF_0024,Community Health Workers (number),numeric,WPR,Western Pacific,Country,CHN,China,Year,2011,true,,,,,,,,,,,,,1126443,,,,,,1 126 443,,Includes Community Health Workers .,EN,2023-01-11T16:00:00.000Z
HWF_0024,Community Health Workers (number),numeric,EMR,Eastern Mediterranean,Country,PAK,Pakistan,Year,2011,false,,,,,,,,,,,,,12621,,,,,,12 621,,Includes Community Health Workers .,EN,2023-01-11T16:00:00.000Z
HWF_0024,Community Health Workers (number),numeric,EUR,Europe,Country,ROU,Romania,Year,2011,true,,,,,,,,,,,,,16170,,,,,,16 170,,"Includes Community health workers.  Data Source: Health workforce from census data. Minnesota Population Center. Integrated Public Use Microdata Series, International: Version 7.1. Minneapolis, MN: IPUMS, 2018. https://doi.org/10.18128/D020.V7.1",EN,2023-01-11T16:00:00.000Z
HWF_0024,Community Health Workers (number),numeric,AFR,Africa,Country,BWA,Botswana,Year,2011,false,,,,,,,,,,,,,166,,,,,,166,,Includes Family Walfare Educators.  Data Source: Health Statistic Unit of Botswana,EN,2023-01-11T16:00:00.000Z
HWF_0024,Community Health Workers (number),numeric,WPR,Western Pacific,Country,NRU,Nauru,Year,2011,false,,,,,,,,,,,,,17,,,,,,17,,Includes Community Health Workers .,EN,2023-01-11T16:00:00.000Z
HWF_0024,Community Health Workers (number),numeric,AFR,Africa,Country,MUS,Mauritius,Year,2011,false,,,,,,,,,,,,,187,,,,,,187,,"Includes Community health care officer, Community health workers n.e.c.  Data Source: Health workforce from census data. Minnesota Population Center. Integrated Public Use Microdata Series, International: Version 7.1. Minneapolis, MN: IPUMS, 2018. https:/",EN,2023-01-11T16:00:00.000Z
HWF_0024,Community Health Workers (number),numeric,EUR,Europe,Country,GRC,Greece,Year,2011,true,,,,,,,,,,,,,260,,,,,,260,,"Includes Community health workers.  Data Source: Health workforce from census data. Minnesota Population Center. Integrated Public Use Microdata Series, International: Version 7.1. Minneapolis, MN: IPUMS, 2018. https://doi.org/10.18128/D020.V7.1",EN,2023-01-11T16:00:00.000Z
HWF_0024,Community Health Workers (number),numeric,SEAR,South-East Asia,Country,MMR,Myanmar,Year,2011,false,,,,,,,,,,,,,3371,,,,,,3371,,Includes Community Health Workers .,EN,2023-01-11T16:00:00.000Z
HWF_0024,Community Health Workers (number),numeric,AFR,Africa,Country,CMR,Cameroon,Year,2011,false,,,,,,,,,,,,,367,,,,,,367,,"Includes ARC (Community Relay Agents).  Data Source: Ministry of Health, General Census of Health Personnel 2011",EN,2023-01-11T16:00:00.000Z
HWF_0024,Community Health Workers (number),numeric,AFR,Africa,Country,SLE,Sierra Leone,Year,2011,false,,,,,,,,,,,,,566,,,,,,566,,"Includes Community Health.  Data Source: Ministry of Health and Sanitation, Personnel Unit",EN,2023-01-11T16:00:00.000Z
HWF_0024,Community Health Workers (number),numeric,SEAR,South-East Asia,Country,BGD,Bangladesh,Year,2011,false,,,,,,,,,,,,,60271,,,,,,60 271,,Includes Community Health Workers .,EN,2023-01-11T16:00:00.000Z
HWF_0024,Community Health Workers (number),numeric,WPR,Western Pacific,Country,CHN,China,Year,2010,false,,,,,,,,,,,,,1091863,,,,,,1 091 863,,Includes Community Health Workers .,EN,2023-01-11T16:00:00.000Z
HWF_0024,Community Health Workers (number),numeric,AFR,Africa,Country,ZWE,Zimbabwe,Year,2010,false,,,,,,,,,,,,,11200,,,,,,11 200,,,EN,2023-01-11T16:00:00.000Z
HWF_0024,Community Health Workers (number),numeric,EMR,Eastern Mediterranean,Country,PAK,Pakistan,Year,2010,false,,,,,,,,,,,,,11510,,,,,,11 510,,Includes Community Health Workers .,EN,2023-01-11T16:00:00.000Z
HWF_0024,Community Health Workers (number),numeric,AFR,Africa,Country,MLI,Mali,Year,2010,false,,,,,,,,,,,,,110,,,,,,110,,Includes Community Health Workers .,EN,2023-01-11T16:00:00.000Z
HWF_0024,Community Health Workers (number),numeric,AFR,Africa,Country,SLE,Sierra Leone,Year,2010,false,,,,,,,,,,,,,132,,,,,,132,,Includes Community Health Workers .,EN,2023-01-11T16:00:00.000Z
HWF_0024,Community Health Workers (number),numeric,AFR,Africa,Country,BWA,Botswana,Year,2010,false,,,,,,,,,,,,,166,,,,,,166,,Includes Family Walfare Educators.  Data Source: Health Statistic Unit of Botswana,EN,2023-01-11T16:00:00.000Z
HWF_0024,Community Health Workers (number),numeric,EMR,Eastern Mediterranean,Country,YEM,Yemen,Year,2010,true,,,,,,,,,,,,,19,,,,,,19,,Includes Community Health Workers .,EN,2023-01-11T16:00:00.000Z
HWF_0024,Community Health Workers (number),numeric,AFR,Africa,Country,BFA,Burkina Faso,Year,2010,false,,,,,,,,,,,,,1976,,,,,,1976,,Includes Community Health Workers .,EN,2023-01-11T16:00:00.000Z
HWF_0024,Community Health Workers (number),numeric,AMR,Americas,Country,GUY,Guyana,Year,2010,true,,,,,,,,,,,,,245,,,,,,245,,Includes Community Health Workers .,EN,2023-01-11T16:00:00.000Z
HWF_0024,Community Health Workers (number),numeric,AMR,Americas,Country,BRA,Brazil,Year,2010,false,,,,,,,,,,,,,334355,,,,,,334 355,,"Includes Community health workers.  Data Source: Health workforce from census data. Minnesota Population Center. Integrated Public Use Microdata Series, International: Version 7.1. Minneapolis, MN: IPUMS, 2018. https://doi.org/10.18128/D020.V7.1",EN,2023-01-11T16:00:00.000Z
HWF_0024,Community Health Workers (number),numeric,SEAR,South-East Asia,Country,MMR,Myanmar,Year,2010,false,,,,,,,,,,,,,3344,,,,,,3344,,Includes Community Health Workers .,EN,2023-01-11T16:00:00.000Z
HWF_0024,Community Health Workers (number),numeric,WPR,Western Pacific,Country,MNG,Mongolia,Year,2010,false,,,,,,,,,,,,,437,,,,,,437,,Includes Community Health Workers .,EN,2023-01-11T16:00:00.000Z
HWF_0024,Community Health Workers (number),numeric,WPR,Western Pacific,Country,MHL,Marshall Islands,Year,2010,true,,,,,,,,,,,,,53,,,,,,53,,"Includes Community health workers.  Data Source: Ministry of Health, Marshall Islands.",EN,2023-01-11T16:00:00.000Z
HWF_0024,Community Health Workers (number),numeric,SEAR,South-East Asia,Country,MDV,Maldives,Year,2010,false,,,,,,,,,,,,,591,,,,,,591,,Includes Community Health Workers .,EN,2023-01-11T16:00:00.000Z
HWF_0024,Community Health Workers (number),numeric,WPR,Western Pacific,Country,CHN,China,Year,2009,false,,,,,,,,,,,,,1113331,,,,,,1 113 331,,Includes Community Health Workers .,EN,2023-01-11T16:00:00.000Z
HWF_0024,Community Health Workers (number),numeric,EMR,Eastern Mediterranean,Country,PAK,Pakistan,Year,2009,false,,,,,,,,,,,,,10731,,,,,,10 731,,Includes Community Health Workers .,EN,2023-01-11T16:00:00.000Z
HWF_0024,Community Health Workers (number),numeric,AFR,Africa,Country,MLI,Mali,Year,2009,false,,,,,,,,,,,,,114,,,,,,114,,Includes Community Health Workers .,EN,2023-01-11T16:00:00.000Z
HWF_0024,Community Health Workers (number),numeric,AMR,Americas,Country,BLZ,Belize,Year,2009,true,,,,,,,,,,,,,158,,,,,,158,,Includes Community Health Workers .,EN,2023-01-11T16:00:00.000Z
HWF_0024,Community Health Workers (number),numeric,AFR,Africa,Country,BWA,Botswana,Year,2009,false,,,,,,,,,,,,,166,,,,,,166,,Includes Community Health Workers .,EN,2023-01-11T16:00:00.000Z
HWF_0024,Community Health Workers (number),numeric,AFR,Africa,Country,CAF,Central African Republic,Year,2009,false,,,,,,,,,,,,,1713,,,,,,1713,,Includes Community Health Workers .,EN,2023-01-11T16:00:00.000Z
HWF_0024,Community Health Workers (number),numeric,AMR,Americas,Country,GUY,Guyana,Year,2009,false,,,,,,,,,,,,,245,,,,,,245,,Includes Community Health Workers .,EN,2023-01-11T16:00:00.000Z
HWF_0024,Community Health Workers (number),numeric,WPR,Western Pacific,Country,NRU,Nauru,Year,2009,false,,,,,,,,,,,,,3,,,,,,3,,Includes Community Health Workers .,EN,2023-01-11T16:00:00.000Z
HWF_0024,Community Health Workers (number),numeric,AFR,Africa,Country,ETH,Ethiopia,Year,2009,false,,,,,,,,,,,,,30950,,,,,,30 950,,Includes Community Health Workers .,EN,2023-01-11T16:00:00.000Z
HWF_0024,Community Health Workers (number),numeric,SEAR,South-East Asia,Country,MMR,Myanmar,Year,2009,false,,,,,,,,,,,,,3278,,,,,,3278,,Includes Community Health Workers .,EN,2023-01-11T16:00:00.000Z
HWF_0024,Community Health Workers (number),numeric,WPR,Western Pacific,Country,MNG,Mongolia,Year,2009,false,,,,,,,,,,,,,328,,,,,,328,,Includes Community Health Workers .,EN,2023-01-11T16:00:00.000Z
HWF_0024,Community Health Workers (number),numeric,SEAR,South-East Asia,Country,MDV,Maldives,Year,2009,false,,,,,,,,,,,,,513,,,,,,513,,Includes Community Health Workers .,EN,2023-01-11T16:00:00.000Z
HWF_0024,Community Health Workers (number),numeric,AFR,Africa,Country,NER,Niger,Year,2009,false,,,,,,,,,,,,,6308,,,,,,6308,,Source: Data from Niger case study (2308 Agents de Sante Communautaire (ASCs) and 4000 Relais volunteers). USAID MCHIP Case Studies of Large-Scale Community Health Worker Programs (January 2017),EN,2023-01-12T16:00:00.000Z
HWF_0024,Community Health Workers (number),numeric,WPR,Western Pacific,Country,COK,Cook Islands,Year,2009,true,,,,,,,,,,,,,9,,,,,,9,,Includes Community Health Workers .,EN,2023-01-11T16:00:00.000Z
HWF_0024,Community Health Workers (number),numeric,EMR,Eastern Mediterranean,Country,PAK,Pakistan,Year,2008,false,,,,,,,,,,,,,10002,,,,,,10 002,,Includes Community Health Workers .,EN,2023-01-11T16:00:00.000Z
HWF_0024,Community Health Workers (number),numeric,AFR,Africa,Country,MWI,Malawi,Year,2008,false,,,,,,,,,,,,,10055,,,,,,10 055,,Includes Community Health Workers .,EN,2023-01-11T16:00:00.000Z
HWF_0024,Community Health Workers (number),numeric,AFR,Africa,Country,GMB,Gambia,Year,2008,false,,,,,,,,,,,,,1150,,,,,,1150,,Includes Community Health Workers .,EN,2023-01-11T16:00:00.000Z
HWF_0024,Community Health Workers (number),numeric,AFR,Africa,Country,SLE,Sierra Leone,Year,2008,false,,,,,,,,,,,,,132,,,,,,132,,Includes Community Health Workers .,EN,2023-01-11T16:00:00.000Z
HWF_0024,Community Health Workers (number),numeric,WPR,Western Pacific,Country,NRU,Nauru,Year,2008,false,,,,,,,,,,,,,14,,,,,,14,,Includes Community Health Workers .,EN,2023-01-11T16:00:00.000Z
HWF_0024,Community Health Workers (number),numeric,AFR,Africa,Country,CAF,Central African Republic,Year,2008,false,,,,,,,,,,,,,1746,,,,,,1746,,Includes Community Health Workers .,EN,2023-01-11T16:00:00.000Z
HWF_0024,Community Health Workers (number),numeric,AFR,Africa,Country,NGA,Nigeria,Year,2008,false,,,,,,,,,,,,,19268,,,,,,19 268,,Includes Community Health Workers .,EN,2023-01-11T16:00:00.000Z
HWF_0024,Community Health Workers (number),numeric,WPR,Western Pacific,Country,VUT,Vanuatu,Year,2008,true,,,,,,,,,,,,,212,,,,,,212,,Includes Community Health Workers .,EN,2023-01-11T16:00:00.000Z
HWF_0024,Community Health Workers (number),numeric,AFR,Africa,Country,ETH,Ethiopia,Year,2008,false,,,,,,,,,,,,,24571,,,,,,24 571,,Includes Community Health Workers .,EN,2023-01-11T16:00:00.000Z
HWF_0024,Community Health Workers (number),numeric,EMR,Eastern Mediterranean,Country,IRN,Iran (Islamic Republic of),Year,2008,false,,,,,,,,,,,,,27000,,,,,,27 000,,"Source: Ahmadnia S, Salehi N, Madanipour A. A nationwide gender-sensitive survey of Iranian Behvarzes (health workers), their. Job satisfaction and motives. refahj 2008; 8 (30 and 31) :117-142 URL: http://refahj.uswr.ac.ir/article-1-1921-en.html",EN,2023-01-11T16:00:00.000Z
HWF_0024,Community Health Workers (number),numeric,WPR,Western Pacific,Country,FSM,Micronesia (Federated States of),Year,2008,true,,,,,,,,,,,,,31,,,,,,31,,Includes Community Health Workers .,EN,2023-01-11T16:00:00.000Z
HWF_0024,Community Health Workers (number),numeric,SEAR,South-East Asia,Country,MMR,Myanmar,Year,2008,false,,,,,,,,,,,,,3247,,,,,,3247,,Includes Community Health Workers .,EN,2023-01-11T16:00:00.000Z
HWF_0024,Community Health Workers (number),numeric,AFR,Africa,Country,ZMB,Zambia,Year,2008,false,,,,,,,,,,,,,3762,,,,,,3762,,Includes Community Health Workers .,EN,2023-01-11T16:00:00.000Z
HWF_0024,Community Health Workers (number),numeric,WPR,Western Pacific,Country,PNG,Papua New Guinea,Year,2008,false,,,,,,,,,,,,,3883,,,,,,3883,,Includes Community Health Workers .,EN,2023-01-11T16:00:00.000Z
HWF_0024,Community Health Workers (number),numeric,AFR,Africa,Country,BWA,Botswana,Year,2008,false,,,,,,,,,,,,,450,,,,,,450,,Includes Community Health Workers .,EN,2023-01-11T16:00:00.000Z
HWF_0024,Community Health Workers (number),numeric,AFR,Africa,Country,GHA,Ghana,Year,2008,false,,,,,,,,,,,,,4502,,,,,,4502,,Includes Community Health Workers .,EN,2023-01-11T16:00:00.000Z
HWF_0024,Community Health Workers (number),numeric,WPR,Western Pacific,Country,MNG,Mongolia,Year,2008,false,,,,,,,,,,,,,61,,,,,,61,,Includes Community Health Workers .,EN,2023-01-11T16:00:00.000Z
HWF_0024,Community Health Workers (number),numeric,AMR,Americas,Country,JAM,Jamaica,Year,2008,false,,,,,,,,,,,,,727,,,,,,727,,Includes Community Health Workers .,EN,2023-01-11T16:00:00.000Z
HWF_0024,Community Health Workers (number),numeric,SEAR,South-East Asia,Country,BGD,Bangladesh,Year,2008,false,,,,,,,,,,,,,78000,,,,,,78 000,,"Data for BRAC CHWs. Source: GHWA publication ""Global Experience of Community Health Workers for Delivery of Health Related Millennium Development Goals: A Systematic Review, Country Case Studies, and Recommendations for Integration into National Health Sy",EN,2023-01-11T16:00:00.000Z
HWF_0024,Community Health Workers (number),numeric,WPR,Western Pacific,Country,CHN,China,Year,2008,false,,,,,,,,,,,,,938313,,,,,,938 313,,Includes Community Health Workers .,EN,2023-01-11T16:00:00.000Z
HWF_0024,Community Health Workers (number),numeric,WPR,Western Pacific,Country,VUT,Vanuatu,Year,2007,false,,,,,,,,,,,,,113,,,,,,113,,Includes Community Health Workers .,EN,2023-01-11T16:00:00.000Z
HWF_0024,Community Health Workers (number),numeric,AFR,Africa,Country,GMB,Gambia,Year,2007,false,,,,,,,,,,,,,1156,,,,,,1156,,Includes Community Health Workers .,EN,2023-01-11T16:00:00.000Z
HWF_0024,Community Health Workers (number),numeric,AFR,Africa,Country,ETH,Ethiopia,Year,2007,false,,,,,,,,,,,,,17653,,,,,,17 653,,Includes Community Health Workers .,EN,2023-01-11T16:00:00.000Z
HWF_0024,Community Health Workers (number),numeric,AFR,Africa,Country,NGA,Nigeria,Year,2007,false,,,,,,,,,,,,,19268,,,,,,19 268,,Includes Community Health Workers .,EN,2023-01-11T16:00:00.000Z
HWF_0024,Community Health Workers (number),numeric,SEAR,South-East Asia,Country,MMR,Myanmar,Year,2007,false,,,,,,,,,,,,,3197,,,,,,3197,,Includes Community Health Workers .,EN,2023-01-11T16:00:00.000Z
HWF_0024,Community Health Workers (number),numeric,SEAR,South-East Asia,Country,BTN,Bhutan,Year,2007,false,,,,,,,,,,,,,424,,,,,,424,,Includes Community Health Workers .,EN,2023-01-11T16:00:00.000Z
HWF_0024,Community Health Workers (number),numeric,AFR,Africa,Country,BWA,Botswana,Year,2007,false,,,,,,,,,,,,,476,,,,,,476,,Includes Family Walfare Educators.  Data Source: Health Statistic Unit of Botswana,EN,2023-01-11T16:00:00.000Z
HWF_0024,Community Health Workers (number),numeric,SEAR,South-East Asia,Country,MDV,Maldives,Year,2007,false,,,,,,,,,,,,,478,,,,,,478,,Includes Community Health Workers .,EN,2023-01-11T16:00:00.000Z
HWF_0024,Community Health Workers (number),numeric,WPR,Western Pacific,Country,CHN,China,Year,2007,false,,,,,,,,,,,,,931761,,,,,,931 761,,Includes Community Health Workers .,EN,2023-01-11T16:00:00.000Z
HWF_0024,Community Health Workers (number),numeric,WPR,Western Pacific,Country,AUS,Australia,Year,2006,true,,,,,,,,,,,,,1012,,,,,,1012,,Includes Community Health Workers .,EN,2023-01-11T16:00:00.000Z
HWF_0024,Community Health Workers (number),numeric,SEAR,South-East Asia,Country,MMR,Myanmar,Year,2006,false,,,,,,,,,,,,,3137,,,,,,3137,,Includes Community Health Workers .,EN,2023-01-11T16:00:00.000Z
HWF_0024,Community Health Workers (number),numeric,AFR,Africa,Country,BWA,Botswana,Year,2006,false,,,,,,,,,,,,,920,,,,,,920,,Includes Community Health Workers .,EN,2023-01-11T16:00:00.000Z
HWF_0024,Community Health Workers (number),numeric,WPR,Western Pacific,Country,CHN,China,Year,2006,false,,,,,,,,,,,,,957459,,,,,,957 459,,Includes Community Health Workers .,EN,2023-01-11T16:00:00.000Z
HWF_0024,Community Health Workers (number),numeric,SEAR,South-East Asia,Country,BGD,Bangladesh,Year,2005,false,,,,,,,,,,,,,21000,,,,,,21 000,,Includes Community Health Workers .,EN,2023-01-11T16:00:00.000Z
HWF_0024,Community Health Workers (number),numeric,SEAR,South-East Asia,Country,MMR,Myanmar,Year,2005,false,,,,,,,,,,,,,3025,,,,,,3025,,Includes Community Health Workers .,EN,2023-01-11T16:00:00.000Z
HWF_0024,Community Health Workers (number),numeric,AFR,Africa,Country,ZMB,Zambia,Year,2005,false,,,,,,,,,,,,,4480,,,,,,4480,,Includes Community Health Workers .,EN,2023-01-11T16:00:00.000Z
HWF_0024,Community Health Workers (number),numeric,AFR,Africa,Country,RWA,Rwanda,Year,2005,false,,,,,,,,,,,,,45000,,,,,,45 000,,,EN,2023-01-11T16:00:00.000Z
HWF_0024,Community Health Workers (number),numeric,WPR,Western Pacific,Country,CHN,China,Year,2005,false,,,,,,,,,,,,,916532,,,,,,916 532,,Includes Community Health Workers .,EN,2023-01-11T16:00:00.000Z
HWF_0024,Community Health Workers (number),numeric,AFR,Africa,Country,BWA,Botswana,Year,2005,false,,,,,,,,,,,,,920,,,,,,920,,Includes Community Health Workers .,EN,2023-01-11T16:00:00.000Z
HWF_0024,Community Health Workers (number),numeric,SEAR,South-East Asia,Country,TLS,Timor-Leste,Year,2004,false,,,,,,,,,,,,,10,,,,,,10,,Includes Community Health Workers .,EN,2023-01-11T16:00:00.000Z
HWF_0024,Community Health Workers (number),numeric,AFR,Africa,Country,BFA,Burkina Faso,Year,2004,false,,,,,,,,,,,,,1201,,,,,,1201,,Includes Community Health Workers .,EN,2023-01-11T16:00:00.000Z
HWF_0024,Community Health Workers (number),numeric,AFR,Africa,Country,ETH,Ethiopia,Year,2004,false,,,,,,,,,,,,,15752,,,,,,15 752,,Includes Community Health Workers .,EN,2023-01-11T16:00:00.000Z
HWF_0024,Community Health Workers (number),numeric,AFR,Africa,Country,STP,Sao Tome and Principe,Year,2004,true,,,,,,,,,,,,,150,,,,,,150,,Includes Community Health Workers .,EN,2023-01-11T16:00:00.000Z
HWF_0024,Community Health Workers (number),numeric,AFR,Africa,Country,TCD,Chad,Year,2004,false,,,,,,,,,,,,,154,,,,,,154,,Includes Community Health Workers .,EN,2023-01-11T16:00:00.000Z
HWF_0024,Community Health Workers (number),numeric,SEAR,South-East Asia,Country,NPL,Nepal,Year,2004,false,,,,,,,,,,,,,16206,,,,,,16 206,,Includes Community Health Workers .,EN,2023-01-11T16:00:00.000Z
HWF_0024,Community Health Workers (number),numeric,WPR,Western Pacific,Country,KHM,Cambodia,Year,2004,true,,,,,,,,,,,,,1638,,,,,,1638,,Includes Community Health Workers .,EN,2023-01-11T16:00:00.000Z
HWF_0024,Community Health Workers (number),numeric,SEAR,South-East Asia,Country,BGD,Bangladesh,Year,2004,false,,,,,,,,,,,,,21202,,,,,,21 202,,Includes Community Health Workers .,EN,2023-01-11T16:00:00.000Z
HWF_0024,Community Health Workers (number),numeric,AFR,Africa,Country,GNB,Guinea-Bissau,Year,2004,false,,,,,,,,,,,,,2355,,,,,,2355,,Includes Community Health Workers .,EN,2023-01-11T16:00:00.000Z
HWF_0024,Community Health Workers (number),numeric,AFR,Africa,Country,MUS,Mauritius,Year,2004,false,,,,,,,,,,,,,236,,,,,,236,,Includes Community Health Workers .,EN,2023-01-11T16:00:00.000Z
HWF_0024,Community Health Workers (number),numeric,EMR,Eastern Mediterranean,Country,IRN,Iran (Islamic Republic of),Year,2004,false,,,,,,,,,,,,,25242,,,,,,25 242,,Includes Community Health Workers .,EN,2023-01-11T16:00:00.000Z
HWF_0024,Community Health Workers (number),numeric,EMR,Eastern Mediterranean,Country,YEM,Yemen,Year,2004,false,,,,,,,,,,,,,2542,,,,,,2542,,Includes Community Health Workers .,EN,2023-01-11T16:00:00.000Z
HWF_0024,Community Health Workers (number),numeric,AFR,Africa,Country,GNQ,Equatorial Guinea,Year,2004,true,,,,,,,,,,,,,308,,,,,,308,,Includes Community Health Workers .,EN,2023-01-11T16:00:00.000Z
HWF_0024,Community Health Workers (number),numeric,AFR,Africa,Country,SWZ,Eswatini,Year,2004,false,,,,,,,,,,,,,4000,,,,,,4000,,Includes Community Health Workers .,EN,2023-01-11T16:00:00.000Z
HWF_0024,Community Health Workers (number),numeric,SEAR,South-East Asia,Country,BTN,Bhutan,Year,2004,false,,,,,,,,,,,,,405,,,,,,405,,Includes Community Health Workers .,EN,2023-01-11T16:00:00.000Z
HWF_0024,Community Health Workers (number),numeric,SEAR,South-East Asia,Country,MMR,Myanmar,Year,2004,false,,,,,,,,,,,,,44293,,,,,,44 293,,Includes Community Health Workers .,EN,2023-01-11T16:00:00.000Z
HWF_0024,Community Health Workers (number),numeric,EMR,Eastern Mediterranean,Country,SDN,Sudan,Year,2004,true,,,,,,,,,,,,,4716,,,,,,4716,,Includes Community Health Workers .,EN,2023-01-11T16:00:00.000Z
HWF_0024,Community Health Workers (number),numeric,SEAR,South-East Asia,Country,MDV,Maldives,Year,2004,false,,,,,,,,,,,,,515,,,,,,515,,Includes Community Health Workers .,EN,2023-01-11T16:00:00.000Z
HWF_0024,Community Health Workers (number),numeric,AFR,Africa,Country,BDI,Burundi,Year,2004,false,,,,,,,,,,,,,548,,,,,,548,,Includes Community Health Workers .,EN,2023-01-11T16:00:00.000Z
HWF_0024,Community Health Workers (number),numeric,AFR,Africa,Country,SLE,Sierra Leone,Year,2004,false,,,,,,,,,,,,,558,,,,,,558,,Includes Community Health Workers .,EN,2023-01-11T16:00:00.000Z
HWF_0024,Community Health Workers (number),numeric,WPR,Western Pacific,Country,CHN,China,Year,2004,false,,,,,,,,,,,,,883075,,,,,,883 075,,Includes Community Health Workers .,EN,2023-01-11T16:00:00.000Z
HWF_0024,Community Health Workers (number),numeric,AFR,Africa,Country,CAF,Central African Republic,Year,2004,false,,,,,,,,,,,,,99,,,,,,99,,Includes Community Health Workers .,EN,2023-01-11T16:00:00.000Z
HWF_0024,Community Health Workers (number),numeric,AFR,Africa,Country,ETH,Ethiopia,Year,2003,false,,,,,,,,,,,,,13433,,,,,,13 433,,Includes Community Health Workers .,EN,2023-01-11T16:00:00.000Z
HWF_0024,Community Health Workers (number),numeric,AFR,Africa,Country,GMB,Gambia,Year,2003,false,,,,,,,,,,,,,412,,,,,,412,,Includes Community Health Workers .,EN,2023-01-11T16:00:00.000Z
HWF_0024,Community Health Workers (number),numeric,AMR,Americas,Country,GRD,Grenada,Year,2003,true,,,,,,,,,,,,,45,,,,,,45,,Includes Community Health Workers .,EN,2023-01-11T16:00:00.000Z
HWF_0024,Community Health Workers (number),numeric,AFR,Africa,Country,BWA,Botswana,Year,2003,false,,,,,,,,,,,,,867,,,,,,867,,Includes Community Health Workers .,EN,2023-01-11T16:00:00.000Z
HWF_0024,Community Health Workers (number),numeric,WPR,Western Pacific,Country,CHN,China,Year,2003,false,,,,,,,,,,,,,867778,,,,,,867 778,,Includes Community Health Workers .,EN,2023-01-11T16:00:00.000Z
HWF_0024,Community Health Workers (number),numeric,AMR,Americas,Country,GRD,Grenada,Year,2002,false,,,,,,,,,,,,,45,,,,,,45,,Includes Community Health Workers .,EN,2023-01-11T16:00:00.000Z
HWF_0024,Community Health Workers (number),numeric,AFR,Africa,Country,BWA,Botswana,Year,2002,false,,,,,,,,,,,,,862,,,,,,862,,Includes Community Health Workers .,EN,2023-01-11T16:00:00.000Z
HWF_0024,Community Health Workers (number),numeric,AMR,Americas,Country,GRD,Grenada,Year,2001,false,,,,,,,,,,,,,45,,,,,,45,,Includes Community Health Workers .,EN,2023-01-11T16:00:00.000Z
HWF_0024,Community Health Workers (number),numeric,AMR,Americas,Country,KNA,Saint Kitts and Nevis,Year,2001,true,,,,,,,,,,,,,48,,,,,,48,,Includes Community Health Workers .,EN,2023-01-11T16:00:00.000Z
HWF_0024,Community Health Workers (number),numeric,EMR,Eastern Mediterranean,Country,PAK,Pakistan,Year,2001,false,,,,,,,,,,,,,5669,,,,,,5669,,Includes Community Health Workers .,EN,2023-01-11T16:00:00.000Z
HWF_0024,Community Health Workers (number),numeric,AFR,Africa,Country,BWA,Botswana,Year,2001,false,,,,,,,,,,,,,821,,,,,,821,,Includes Community Health Workers .,EN,2023-01-11T16:00:00.000Z
HWF_0024,Community Health Workers (number),numeric,WPR,Western Pacific,Country,CHN,China,Year,2000,false,,,,,,,,,,,,,1319357,,,,,,1 319 357,,Includes Community Health Workers .,EN,2023-01-11T16:00:00.000Z
HWF_0024,Community Health Workers (number),numeric,AFR,Africa,Country,BWA,Botswana,Year,2000,false,,,,,,,,,,,,,1269,,,,,,1269,,Includes Community Health Workers .,EN,2023-01-11T16:00:00.000Z
HWF_0024,Community Health Workers (number),numeric,AMR,Americas,Country,GRD,Grenada,Year,2000,false,,,,,,,,,,,,,45,,,,,,45,,Includes Community Health Workers .,EN,2023-01-11T16:00:00.000Z
HWF_0024,Community Health Workers (number),numeric,AMR,Americas,Country,VCT,Saint Vincent and the Grenadines,Year,2000,true,,,,,,,,,,,,,45,,,,,,45,,Includes Community Health Workers .,EN,2023-01-11T16:00:00.000Z
HWF_0024,Community Health Workers (number),numeric,EMR,Eastern Mediterranean,Country,PAK,Pakistan,Year,2000,false,,,,,,,,,,,,,5443,,,,,,5443,,Includes Community Health Workers .,EN,2023-01-11T16:00:00.000Z
HWF_0024,Community Health Workers (number),numeric,WPR,Western Pacific,Country,CHN,China,Year,1999,false,,,,,,,,,,,,,1324937,,,,,,1 324 937,,Includes Community Health Workers .,EN,2023-01-11T16:00:00.000Z
HWF_0024,Community Health Workers (number),numeric,AMR,Americas,Country,KNA,Saint Kitts and Nevis,Year,1999,false,,,,,,,,,,,,,32,,,,,,32,,Includes Community Health Workers .,EN,2023-01-11T16:00:00.000Z
HWF_0024,Community Health Workers (number),numeric,AMR,Americas,Country,GRD,Grenada,Year,1999,false,,,,,,,,,,,,,45,,,,,,45,,Includes Community Health Workers .,EN,2023-01-11T16:00:00.000Z
HWF_0024,Community Health Workers (number),numeric,EMR,Eastern Mediterranean,Country,PAK,Pakistan,Year,1999,false,,,,,,,,,,,,,5299,,,,,,5299,,Includes Community Health Workers .,EN,2023-01-11T16:00:00.000Z
HWF_0024,Community Health Workers (number),numeric,AFR,Africa,Country,BWA,Botswana,Year,1999,false,,,,,,,,,,,,,775,,,,,,775,,Includes Community Health Workers .,EN,2023-01-11T16:00:00.000Z
HWF_0024,Community Health Workers (number),numeric,WPR,Western Pacific,Country,CHN,China,Year,1998,false,,,,,,,,,,,,,1327633,,,,,,1 327 633,,Includes Community Health Workers .,EN,2023-01-11T16:00:00.000Z
HWF_0024,Community Health Workers (number),numeric,AMR,Americas,Country,KNA,Saint Kitts and Nevis,Year,1998,false,,,,,,,,,,,,,32,,,,,,32,,Includes Community Health Workers .,EN,2023-01-11T16:00:00.000Z
HWF_0024,Community Health Workers (number),numeric,AMR,Americas,Country,GRD,Grenada,Year,1998,false,,,,,,,,,,,,,40,,,,,,40,,Includes Community Health Workers .,EN,2023-01-11T16:00:00.000Z
HWF_0024,Community Health Workers (number),numeric,EMR,Eastern Mediterranean,Country,PAK,Pakistan,Year,1998,false,,,,,,,,,,,,,4959,,,,,,4959,,Includes Community Health Workers .,EN,2023-01-11T16:00:00.000Z
HWF_0024,Community Health Workers (number),numeric,AFR,Africa,Country,BWA,Botswana,Year,1998,false,,,,,,,,,,,,,742,,,,,,742,,Includes Community Health Workers .,EN,2023-01-11T16:00:00.000Z
HWF_0024,Community Health Workers (number),numeric,WPR,Western Pacific,Country,CHN,China,Year,1997,false,,,,,,,,,,,,,1317786,,,,,,1 317 786,,Includes Community Health Workers .,EN,2023-01-11T16:00:00.000Z
HWF_0024,Community Health Workers (number),numeric,AMR,Americas,Country,KNA,Saint Kitts and Nevis,Year,1997,false,,,,,,,,,,,,,17,,,,,,17,,Includes Community Health Workers .,EN,2023-01-11T16:00:00.000Z
HWF_0024,Community Health Workers (number),numeric,EMR,Eastern Mediterranean,Country,PAK,Pakistan,Year,1997,false,,,,,,,,,,,,,4589,,,,,,4589,,Includes Community Health Workers .,EN,2023-01-11T16:00:00.000Z
HWF_0024,Community Health Workers (number),numeric,WPR,Western Pacific,Country,CHN,China,Year,1996,false,,,,,,,,,,,,,1316095,,,,,,1 316 095,,Includes Community Health Workers .,EN,2023-01-11T16:00:00.000Z
HWF_0024,Community Health Workers (number),numeric,AMR,Americas,Country,KNA,Saint Kitts and Nevis,Year,1996,false,,,,,,,,,,,,,17,,,,,,17,,Includes Community Health Workers .,EN,2023-01-11T16:00:00.000Z
HWF_0024,Community Health Workers (number),numeric,SEAR,South-East Asia,Country,MDV,Maldives,Year,1996,false,,,,,,,,,,,,,323,,,,,,323,,Includes Community Health Workers .,EN,2023-01-11T16:00:00.000Z
HWF_0024,Community Health Workers (number),numeric,EMR,Eastern Mediterranean,Country,PAK,Pakistan,Year,1996,false,,,,,,,,,,,,,4407,,,,,,4407,,Includes Community Health Workers .,EN,2023-01-11T16:00:00.000Z
HWF_0024,Community Health Workers (number),numeric,WPR,Western Pacific,Country,AUS,Australia,Year,1996,false,,,,,,,,,,,,,708,,,,,,708,,Includes Community Health Workers .,EN,2023-01-11T16:00:00.000Z
HWF_0024,Community Health Workers (number),numeric,WPR,Western Pacific,Country,CHN,China,Year,1995,false,,,,,,,,,,,,,1331017,,,,,,1 331 017,,Includes Community Health Workers .,EN,2023-01-11T16:00:00.000Z
HWF_0024,Community Health Workers (number),numeric,AFR,Africa,Country,RWA,Rwanda,Year,1995,false,,,,,,,,,,,,,12000,,,,,,12 000,,Source: Rwanda case study. USAID MCHIP Case Studies of Large-Scale Community Health Worker Programs (January 2017),EN,2023-01-11T16:00:00.000Z
HWF_0024,Community Health Workers (number),numeric,AMR,Americas,Country,KNA,Saint Kitts and Nevis,Year,1995,false,,,,,,,,,,,,,17,,,,,,17,,Includes Community Health Workers .,EN,2023-01-11T16:00:00.000Z
HWF_0024,Community Health Workers (number),numeric,EMR,Eastern Mediterranean,Country,PAK,Pakistan,Year,1995,false,,,,,,,,,,,,,4185,,,,,,4185,,Includes Community Health Workers .,EN,2023-01-11T16:00:00.000Z
HWF_0024,Community Health Workers (number),numeric,AMR,Americas,Country,KNA,Saint Kitts and Nevis,Year,1994,false,,,,,,,,,,,,,17,,,,,,17,,Includes Community Health Workers .,EN,2023-01-11T16:00:00.000Z
HWF_0024,Community Health Workers (number),numeric,EMR,Eastern Mediterranean,Country,PAK,Pakistan,Year,1994,false,,,,,,,,,,,,,4107,,,,,,4107,,Includes Community Health Workers .,EN,2023-01-11T16:00:00.000Z
HWF_0024,Community Health Workers (number),numeric,AMR,Americas,Country,KNA,Saint Kitts and Nevis,Year,1993,false,,,,,,,,,,,,,17,,,,,,17,,Includes Community Health Workers .,EN,2023-01-11T16:00:00.000Z
HWF_0024,Community Health Workers (number),numeric,SEAR,South-East Asia,Country,MDV,Maldives,Year,1993,false,,,,,,,,,,,,,286,,,,,,286,,Includes Community Health Workers .,EN,2023-01-11T16:00:00.000Z
HWF_0024,Community Health Workers (number),numeric,EMR,Eastern Mediterranean,Country,PAK,Pakistan,Year,1993,false,,,,,,,,,,,,,3920,,,,,,3920,,Includes Community Health Workers .,EN,2023-01-11T16:00:00.000Z
HWF_0024,Community Health Workers (number),numeric,AMR,Americas,Country,KNA,Saint Kitts and Nevis,Year,1992,false,,,,,,,,,,,,,17,,,,,,17,,Includes Community Health Workers .,EN,2023-01-11T16:00:00.000Z
HWF_0024,Community Health Workers (number),numeric,EMR,Eastern Mediterranean,Country,PAK,Pakistan,Year,1992,false,,,,,,,,,,,,,3796,,,,,,3796,,Includes Community Health Workers .,EN,2023-01-11T16:00:00.000Z
HWF_0024,Community Health Workers (number),numeric,AMR,Americas,Country,KNA,Saint Kitts and Nevis,Year,1991,false,,,,,,,,,,,,,17,,,,,,17,,Includes Community Health Workers .,EN,2023-01-11T16:00:00.000Z
HWF_0024,Community Health Workers (number),numeric,SEAR,South-East Asia,Country,MDV,Maldives,Year,1991,false,,,,,,,,,,,,,234,,,,,,234,,Includes Community Health Workers .,EN,2023-01-11T16:00:00.000Z
HWF_0024,Community Health Workers (number),numeric,WPR,Western Pacific,Country,CHN,China,Year,1990,false,,,,,,,,,,,,,1231510,,,,,,1 231 510,,Includes Community Health Workers .,EN,2023-01-11T16:00:00.000Z
HWF_0024,Community Health Workers (number),numeric,AMR,Americas,Country,KNA,Saint Kitts and Nevis,Year,1990,false,,,,,,,,,,,,,17,,,,,,17,,Includes Community Health Workers .,EN,2023-01-11T16:00:00.000Z
HWF_0024,Community Health Workers (number),numeric,SEAR,South-East Asia,Country,MDV,Maldives,Year,1989,false,,,,,,,,,,,,,224,,,,,,224,,Includes Community Health Workers .,EN,2023-01-11T16:00:00.000Z
HWF_0024,Community Health Workers (number),numeric,SEAR,South-East Asia,Country,MMR,Myanmar,Year,1988,false,,,,,,,,,,,,,1557,,,,,,1557,,Includes Community Health Workers .,EN,2023-01-11T16:00:00.000Z
HWF_0024,Community Health Workers (number),numeric,WPR,Western Pacific,Country,CHN,China,Year,1985,false,,,,,,,,,,,,,1293094,,,,,,1 293 094,,Includes Community Health Workers .,EN,2023-01-11T16:00:00.000Z
HWF_0024,Community Health Workers (number),numeric,WPR,Western Pacific,Country,CHN,China,Year,1980,false,,,,,,,,,,,,,3820776,,,,,,3 820 776,,Includes Community Health Workers .,EN,2023-01-11T16:00:00.000Z
HWF_0024,Community Health Workers (number),numeric,WPR,Western Pacific,Country,CHN,China,Year,1978,false,,,,,,,,,,,,,4777469,,,,,,4 777 469,,Includes Community Health Workers .,EN,2023-01-11T16:00:00.000Z
